Metric,Mean,Std
Accuracy,0.9964247311827957,0.003370202054657926
Precision_0,0.9934034290044519,0.007238601274754445
Recall_0,0.9992592592592592,0.002342427896421025
F1_0,0.9963071091445966,0.003463222003898555
Precision_1,0.9993150684931507,0.002165943602855063
Recall_1,0.9937978271138403,0.0068576189806076
F1_1,0.9965349118812034,0.0032822505614766317
F1_Macro,0.9964210105129,0.003372663029137318
